index,word
1,允悲
2,红包
3,微笑
4,二哈
5,doge
6,喵
7,偷笑
8,打卡
9,下载
10,旅行
11,摊手
12,馋嘴
13,星星
14,戳
15,拜拜
16,客户端
17,卡
18,鲜花
19,现金
20,跪
21,苦涩
22,打call
23,文章
24,全新
25,污
26,给力
27,会员
28,美食
29,日常
30,好运
31,小伙伴
32,色
33,憧憬
34,新增
35,开启
36,种
37,播放
38,集齐
39,鼻
40,微信
41,挤眼
42,哆
43,最高
44,开学
45,肖战
46,疫情
47,裂开
48,单曲
49,美拍
50,亿
51,录制
52,超话
53,单身
54,季
55,少女
56,嗒
57,除夕
58,吃瓜
59,花花
60,羞嗒
61,哒
62,拍照
63,怒骂
64,点此
65,榜
66,随手
67,瓜分
68,笑哈哈
69,头条
70,投给
71,不语
72,福利
73,拍摄
74,广场
75,黑线
76,勋章
77,玫瑰
78,费解
79,偷乐
80,吃惊
81,比心
82,领
83,鼻屎
84,朋友圈
85,听听
86,提升
87,表态
88,抽到
89,新歌
90,一抱
91,奶茶
92,选项
93,小米
94,米奇
95,贴纸
96,这份
97,面膜
98,封面
99,打榜
100,鸿运
101,开运
102,舔屏
103,热爱
104,手游
105,专属
106,作揖
107,观看
108,拳头
109,扇贝
110,集卡开
111,助力
112,节奏
113,阴险
114,阴阳师
115,荣耀
116,圈
117,女神
118,单词
119,纹身
120,整年
121,哈欠
122,一键
123,春节
124,迎接
125,角色
126,彩虹
127,亚洲
128,自拍
129,鸭
130,焦虑
131,斩
132,嘘
133,预约
134,夏日
135,白眼
136,awsl
137,泪流满面
138,详情
139,emo
140,全面
141,百词
142,打脸
143,剧
144,酸
145,手气
146,送出
147,信息流
148,浪
149,点赞
150,治愈
151,小姐姐
152,兔个
153,周边
154,吐槽
155,兔年
156,草泥马
157,尼玛
158,哔哩
159,草莓
160,闺蜜
161,私信
162,综合
163,辜负
164,好喝
165,正能量
166,卡片
167,背单词
168,抖音
169,娃
170,颜值
171,萌萌
172,下单
173,妆
174,渔场
175,兔卡
176,口罩
177,等级
178,摸
179,五一
180,一波
181,易烊千玺
182,爱豆
183,小花
184,听歌
185,器
186,屁
187,影响力
188,捞
189,打车
190,猛
191,试听
192,核酸
193,一整天
194,热搜
195,双11
196,外卖
197,大赏
198,吃货
199,秒拍
200,呲
201,运
202,家族
203,网红
204,认证
205,财神
206,许愿
207,百万
208,放入
209,暑假
210,任性
211,四月
212,神马
213,致
214,开福运
215,小可爱
216,原神
217,满满
218,前行
219,收听
220,锦鲤
221,新春
222,五月
223,互粉
224,定制
225,贡献
226,王者
227,男神
228,频道
229,壁纸
230,妹子
231,应援
232,招
233,价
234,三月
235,碎片
236,太难
237,奔跑
238,精美
239,二维码
240,地笑
241,傻眼
242,棒棒
243,摇
244,余生
245,安全感
246,之夜
247,仙女
248,爆棚
249,王一博
250,福运
251,天猫
252,代理
253,大会
254,赢取
255,六一
256,隔离
257,演技
258,回应
259,快手
260,主页
261,绝
262,优化
263,兔
264,七月
265,收集
266,限时
267,战队
268,奖杯
269,照相机
270,代购
271,冒个
272,特权
273,双十一
274,运势
275,春游
276,屏蔽
277,醉了
278,神器
279,旅途
280,入口
281,黄人
282,道具
283,好彩头
284,鹿晗
285,悲催
286,界面
287,发红包
288,博主
289,神仙
290,浏览
291,全程
292,同款
293,沾
294,一票
295,加载
296,滤镜
297,朱一龙
298,悄悄
299,综艺
300,升
301,语音
302,聊聊吧
303,券
304,口红
305,成年人
306,有木有
307,虎
308,集福
309,撸
310,抽中
311,儿童节
312,召唤
313,捂脸
314,快去
315,福气
316,粉色
317,闪耀
318,奇葩
319,好礼
320,大吉
321,多张
322,嫌弃
323,矫情
324,代金券
325,华为
326,评分
327,哪吒
328,专柜
329,榴莲
330,点滴
331,淚
332,影视
333,论
334,事事
335,大礼
336,现已
337,补水
338,音
339,社交
340,兑换
341,领到
342,崽
343,翻转
344,助
345,奥运
346,市
347,回味
348,初心
349,防晒
350,复制
351,售价
352,财运
353,灯
354,守护者
355,绽放
356,小哥哥
357,母亲节
358,散
359,滴滴
360,速来
361,首页
362,双子座
363,预告
364,除夕夜
365,氛围
366,解锁
367,分组
368,添加
369,不负
370,礼包
371,接发
372,日落
373,集虎卡
374,扫
375,词汇
376,喜乐
377,学霸
378,送上
379,贴心
380,cp
381,步
382,一脸
383,一善
384,徽章
385,一不小心
386,卧槽
387,检测
388,骷髅
389,巨蟹座
390,伤不起
391,交换
392,万事
393,曲
394,pick
395,太棒了
396,永久
397,竞猜
398,洗净
399,超大
400,抢红包
401,消耗
402,美甲
403,隔
404,来袭
405,虎年
406,明月
407,支付
408,租房
409,反馈
410,袭
411,种福
412,点开
413,自律
414,秦时
415,渣
416,自定义
417,拜年
418,仪式感
419,美图秀
420,速配
421,相逢
422,毛孔
423,发货
424,想见
425,恋
426,好帅
427,王俊凯
428,密友
429,券后
430,嘤
431,停不下来
432,文案
433,现货
434,甜品
435,么么哒
436,刘宇宁
437,豪礼
438,吉祥
439,宝藏
440,抢购
441,芝士
442,微光
443,挂件
444,直播间
445,春风
446,代言人
447,元宵节
448,蜕变
449,机智
450,发光
451,秋季
452,盒
453,有毒
454,叭
455,上头
456,屌丝
457,美颜
458,张艺兴
459,大红包
460,例
461,卖萌
462,朵
463,摸鱼
464,倒入
465,虐
466,清凉
467,蔡徐坤
468,简约
469,华晨
470,清爽
471,一级
472,营业
473,福牛卡
474,佩奇
475,太美
476,口感
477,陕西
478,特性
479,速
480,开奖
481,限定
482,鱼币
483,剁
484,侦探
485,元气
486,相思
487,睇
488,创建
489,多种
490,姨妈
491,这首
492,空气质量
493,无痕
494,敷
495,准
496,好好看
497,安康
498,特效
499,男孩儿
500,抠
501,融化
502,就是说
503,成毅
504,十足
505,相聚
506,快捷
507,追剧
508,宇
509,玩耍
510,线上
511,雅安
512,抢到
513,坑爹
514,套路
515,女主
516,天意
517,告白
518,任嘉伦
519,陌陌
520,当前
521,打工人
522,好棒
523,竹子
524,团圆
525,端午节
526,求饶
527,求求
528,端
529,附体
530,鼠
531,甜甜的
532,太帅
533,调皮
534,爆款
535,喜庆
536,炸鸡
537,坐等
538,酥
539,时隔
540,狗子
541,鸡汤
542,伴
543,男主
544,晚霞
545,蒸
546,开年
547,第三天
548,二月
549,螺蛳
550,心累
551,清明
552,双眼皮
553,健健康康
554,居家
555,种草
556,冰雪
557,砖
558,莲花
559,磕
560,未知
561,太差
562,进一步
563,确诊
564,憨
565,李现
566,不配
567,懵
568,啪啪
569,追星
570,心仪
571,小哥
572,奥运会
573,王源
574,夏
575,音乐节
576,吴亦凡
577,内置
578,很赞
579,app
580,离谱
581,一盒
582,巅峰
583,攒
584,势力
585,爱奇艺
586,头衔
587,雾霾
588,入围
589,手绘
590,街舞
591,百年
592,红人
593,yyds
594,奶油
595,封
596,说走就走
597,小龙虾
598,发给
599,顺顺利利
600,摇一摇
601,往后
602,米粉
603,萌宠
604,揣手
605,总有一天
606,排骨
607,微商
608,京
609,vlog
610,小清新
611,微盘
612,表情包
613,好用
614,林俊杰
615,玩吧
616,举报
617,春季
618,冬奥会
619,尺寸
620,安卓
621,薛之谦
622,樱桃
623,彩色
624,花式
625,大佬
626,认知
627,全文
628,美团
629,线下
630,山河
631,大神
632,集卡
633,刚换
634,新气象
635,右上角
636,小红书
637,勾引
638,队长
639,小红花
640,发来
641,flag
642,手慢
643,哞
644,选出
645,配音
646,三观
647,摩羯座
648,天蝎
649,不愧
650,曲线
651,均匀
652,纹
653,杨洋
654,举手
655,土豪
656,百分百
657,盲盒
658,大礼包
659,男孩子
660,皮卡丘
661,盛夏
662,剧本
663,吃鸡
664,实惠
665,开出
666,热巴
667,春日
668,心心念念
669,崩
670,肌
671,热血
672,冬奥
673,营
674,来源
675,上新
676,李易峰
677,元宵
678,热水
679,定向
680,真香
681,好物
682,面料
683,宝贵
684,特训
685,冲冲
686,半星
687,凉快
688,软
689,机会难得
690,闲鱼
691,牛年
692,正宗
693,插画
694,牛气
695,最棒
696,趁着
697,质感
698,撩
699,病例
700,全套
701,少许
702,投出
703,走来
704,吃吃喝喝
705,集福牛
706,新婚
707,性价比
708,传送门
709,帐号
710,终将
711,汉服
712,针
713,滑雪
714,自带
715,好评
716,贵州
717,侠
718,水分
719,环节
720,阵容
721,钢铁
722,解封
723,已有
724,看个
725,昵称
726,出道
727,工作日
728,玩转
729,更大
730,视界
731,新冠
732,霸王
733,随机
734,任意
735,真棒
736,双子
737,主打
738,竟能
739,小编
740,海量
741,很多很多
742,父亲节
743,丧
744,速速
745,扛
746,清单
747,富有
748,刺青
749,毕业季
750,丨
751,带娃
752,群里
753,热烈
754,恩爱
755,喜马拉雅
756,订单
757,坎坷
758,怼
759,星辰
760,七天
761,即刻
762,巨蟹
763,释怀
764,餐
765,会长
766,染发
767,买买买
768,新年好
769,通道
770,我弟
771,夜间
772,心碎
773,觉醒
774,红米
775,闪亮
776,主播
777,马拉松
778,荔枝
779,翻炒
780,置顶
781,福牛
782,小猫咪
783,讲真
784,好运来
785,打游戏
786,逛吃
787,敬
788,热爱生活
789,春光
790,雷锋
791,龙年
792,睡一觉
793,信用
794,趣味
795,静好
796,偏爱
797,步数
798,刷刷
799,愛你
800,超多
801,到货
802,惊呆
803,摩登
804,下方
805,物语
806,习近平
807,不弃
808,审美
809,网课
810,毒
811,蓝天白云
812,善意
813,十里
814,翻卡
815,梦汗
816,小家
817,短裤
818,折扣
819,食用
820,第一条
821,旺
822,科普
823,养牛
824,合集
825,遮
826,沉浸
827,膜拜
828,李佳琦
829,燕窝
830,刷新
831,翻卡有
832,翻倍
833,暴富
834,菠萝
835,油腻
836,活成
837,王牌
838,蕾丝
839,迪丽
840,有声
841,美学
842,智齿
843,种下
844,各地
845,桃花运
846,甜甜
847,奔赴
848,流畅
849,烘焙
850,气死我了
851,嘿哈
852,发抖
853,步步
854,香菇
855,微刊
856,彩蛋
857,赵丽颖
858,一抹
859,人设
860,大法
861,美妆
862,好运气
863,雕琢
864,可得
865,宠爱
866,落日
867,不出
868,甜馨
869,一路上
870,扑通
871,沙雕
872,矫正
873,前任
874,印花
875,大转盘
876,上辈子
877,边框
878,拼搏
879,ins
880,独一无二
881,修养
882,熬过
883,高达
884,摩
885,胶原蛋白
886,轻度
887,忘掉
888,艰辛
889,首单
890,线条
891,照亮
892,串门
893,领券
894,食材
895,蛋黄
896,转转
897,比比
898,绿茶
899,美好生活
900,披萨
901,常态
902,篇文章
903,正版
904,埋
905,减脂
906,美式
907,一摸
908,梦中
909,十天
910,能领
911,初雪
912,突如其来
913,愛
914,笑点
915,眼影
916,爱慕
917,肺炎
918,英语单词
919,永远都是
920,小火
921,性能
922,何以
923,暑期
924,官宣
925,无心
926,甄
927,蜘蛛侠
928,饭圈
929,一周年
930,发疯
931,送个
932,怂
933,美瞳
934,送花
935,风扇
936,牛仔
937,肤色
938,优先
939,停下来
940,美梦成真
941,简简单单
942,买到
943,佩戴
944,末日
945,歌单
946,暖心
947,品尝
948,查收
949,牛仔裤
950,剧星
951,第三次
952,爱意
953,秦岭
954,补贴
955,摆烂
956,热度
957,干饭人
958,瑞虎
959,旅拍
960,棣
961,百元
962,清澈
963,花艺
964,大年初一
965,返回
966,光影
967,分分钟
968,水逆
969,战疫
970,外观
971,乘风破浪
972,卸妆
973,奇缘
974,疫情防控
975,嗑
976,就够
977,情话
978,凌乱
979,搅拌
980,高效
981,连连
982,家门口
983,拜个
984,老年人
985,玉骨遥
986,顺遂
987,弥补
988,年终奖
989,加持
990,每升
991,送福
992,膜
993,沉迷
994,个人主页
995,冲刺
996,发放
997,丰厚
998,魅族
999,第四名
1000,求婚
